Model,Accuracy,Precision,Recall,F1_Score,Cross_Val_Score
Logistic Regression,0.9125,0.8935224089635856,0.9125,0.90025,0.9515625
Decision Tree (Gini),0.95,0.9539080459770114,0.95,0.951614481409002,0.9375
Decision Tree (Entropy),0.94375,0.9554626369327075,0.94375,0.9477996986270789,0.946875
K-NN,,,,,
Random Forest,0.96875,0.9700036692759296,0.96875,0.9692753760586523,0.9640625
Naive Bayes,0.75625,0.8952961057304278,0.75625,0.8071740994854203,0.771875
SVC (Linear),0.925,0.9199054301403293,0.925,0.9221283783783785,0.95625
SVC (RBF),0.93125,0.9207932692307692,0.93125,0.9140725101921957,0.9453125
